topic,order,question,show,notes
Fertilizer,1,How much fertilizer should I use?,yes,
Fertilizer,2,Is there a cheaper option than fertilizer?,yes,
Seed,3,Is hybrid seed worth it?,yes,
Planting,4,When should I plant?,yes,
Soil,5,How can I improve my soil?,yes,
Mixed cropping,6,Should I grow legumes with my maize?,yes,
Water,7,What if the rains are poor?,yes,
Storage,8,How do I store maize safely?,yes,
Aflatoxin,9,How do I keep aflatoxin out of my maize?,yes,
Aflatoxin,10,Is it safe to eat mouldy maize?,yes,
