id,topic,step_order,action,action_icon,title,farmer_summary,fun_fact,key_number,applies_when,status,owner,last_checked,still_to_find,research_notes
plant-02,Planting,1,Prepare the field before the rains,terrain,Get the field ready early,Clearing and ridging before the rains lets you plant as soon as the soil is wet.,,,all farms,draft,,,Evidence that early land preparation helps farmers plant on time in Malawi.,
plant-03,Planting,2,Wait until the soil is wet a hand deep,rain,Wait for enough moisture,Seed planted in dry soil can fail to come up if the rain stops again.,,,all farms,draft,,,Local guidance on how much rain or soil moisture is needed before planting.,
plant-01,Planting,3,Plant within a week of the first good rains,seed,Plant with the first good rains,Maize planted when the soil is wet after the first good rains uses the whole rainy season. Planting late shortens the season.,,,all farms,draft,,,Yield lost per week of late planting in Malawi trials.,
fert-01,Fertilizer,1,Put basal fertilizer in at planting,fert,How much fertilizer for maize,Most advice is a basal fertilizer at planting and urea top-dressing a few weeks later.,,,all farms,draft,,,Malawi recommended rates per acre and the yield response at each rate.,
fert-02,Fertilizer,2,Top-dress with urea a few weeks later,cal,Top-dress when the crop grows fast,Urea given a few weeks after planting feeds the crop when it needs nitrogen most.,,,all farms,draft,,,"Recommended timing of top-dressing, in weeks after planting.",
fert-03,Fertilizer,3,Place it near the plant and cover it,check,Put fertilizer where the roots are,Fertilizer placed close to the plant and covered with soil is used better and washes away less.,,,all farms,draft,,,Placement method recommended in Malawi and its effect on yield.,
seed-01,Seed,1,Buy certified seed from an agro-dealer,coin,Hybrid seed and local seed,"Hybrid seed usually yields more than local seed, but it must be bought new each season.",,,all farms,draft,,,"Yield difference on farmers' fields, and what happens with recycled hybrid seed.",
seed-02,Seed,2,Don't replant seed saved from a hybrid crop,alert,Don't replant hybrid seed,Seed saved from a hybrid crop gives a weaker crop the next season.,,,all farms,draft,,,Yield of recycled hybrid seed compared with fresh seed.,
seed-03,Seed,3,Compare the seed price with the extra bags,bag,Compare cost and benefit,"Hybrid seed costs more, so it pays when the extra harvest is worth more than the seed.",,,all farms,draft,,,"Hybrid seed price and typical extra yield, to estimate the payoff.",
soil-02,Soil,1,Add compost or manure before planting,leaf,Compost and manure,Compost and animal manure add nutrients and help the soil hold water.,,,all farms,draft,,,Yield effect alone and when combined with a smaller amount of fertilizer.,
soil-03,Soil,2,Leave crop residue on the field,zone,Keep crop residue on the field,Leaving maize stalks and leaves on the field adds organic matter and protects the soil.,,,all farms,draft,,,Effect of keeping residue on soil and yield in Malawi.,
soil-01,Soil,3,Ask for a soil test before using lime,info,Soil quality and harvest,Poor or acidic soil limits how much of the fertilizer the crop can use.,,,all farms,draft,,,"How soil organic matter and pH relate to maize yield in Malawi, and the effect of lime.",
mix-01,Mixed cropping,1,"Plant pigeon peas, beans or groundnuts between maize rows",seed,Maize with legumes,"Growing pigeon peas, beans or groundnuts with maize gives a second harvest and can feed the soil.",,,mixed fields,draft,,,Effect on maize bags per hectare and on total harvest from the field.,
mix-02,Mixed cropping,2,"Expect a little less maize, plus a second crop",bag,What to expect from mixing,"Mixed fields usually give a little less maize, plus a second crop to eat or sell.",,,mixed fields,draft,,,Maize and legume yields in mixed fields compared with maize alone.,
mix-03,Mixed cropping,3,Rotate where you plant them next season,zone,Rotate the legume,Moving the legume to a different part of the field each season spreads the soil benefit.,,,mixed fields,draft,,,Benefit of legume rotation for the next maize crop.,
water-01,Water,1,Cover the soil with crop residue,leaf,Keeping water in the soil,"Mulching, tied ridges and pit planting keep rain in the field during dry spells.",,,all farms,draft,,,Yield effect in dry seasons and labour needed.,
water-02,Water,2,Build ridges with ties across the slope,terrain,Tied ridges,Small earth ties across the ridges hold rainwater so it soaks in instead of running off.,,,all farms,draft,,,Yield effect of tied ridges in dry seasons.,
water-03,Water,3,Dig planting pits on dry or sandy land,rain,Planting pits,Pits around the planting station collect water and manure where the roots grow.,,,all farms,draft,,,Yield effect and labour of planting pits in Malawi.,
store-02,Storage,1,Dry the grain until it cracks when bitten,check,Dry the grain well,Grain stored wet goes mouldy. Dry it until it cracks when bitten.,,,all farms,draft,,,Safe moisture level for stored maize.,
store-01,Storage,2,Store it in a sealed (hermetic) bag,bag,Storing maize safely,Dry the grain well and store it in hermetic bags off the floor to reduce weevil losses.,,,all farms,draft,,,Storage losses with and without hermetic bags.,
store-03,Storage,3,Keep bags off the floor and away from walls,home,Store off the floor,Bags on the floor or against walls take up damp and are easy for pests to reach.,,,all farms,draft,,,Storage losses with and without raised storage.,
