stage_id,order,name,tip,weeks_from,weeks_to,fact_id,applies_when,status,source_id,notes
prep,1,Prepare the field,"Clear the land, make ridges and add compost or manure.",-4,-1,plant-02,all farms,draft,,
plant,2,Plant with the first good rains,Plant when the soil is wet a hand deep.,0,1,plant-01,all farms,draft,,
basal,3,Put in basal fertilizer,"(depends on the farmer's plan) Use part of your fertilizer at planting, close to the seed and covered.",0,1,fert-01,all farms,draft,,The app personalises this tip with the farmer's planned bags of fertilizer.
legume,4,Plant the legume between rows,"Pigeon peas, beans or groundnuts.",1,3,mix-01,mixed fields,draft,,
weed1,5,First weeding,Weeds take water and food from young maize.,2,3,,all farms,draft,,
top,6,Top-dress with urea,"Put it near each plant when the soil is moist, then cover it.",3,5,fert-02,all farms,draft,,
weed2,7,Second weeding,Keep the field clean until the maize is tall.,6,7,,all farms,draft,,
harvest,8,Harvest when the cobs are dry,The husks turn brown and the cobs hang down. Do not leave dry cobs in the field.,17,21,afla-02,all farms,draft,,
sort,9,Sort out mouldy and broken grain,"Mouldy grain can carry aflatoxin. Do not eat, sell or feed it to animals.",18,22,afla-04,all farms,draft,,
store,10,Dry and store the grain,"Dry until the grain cracks when bitten, then store in a sealed bag.",19,23,store-02,all farms,draft,,
