source_id,fact_id,title,publisher,year,url,finding,evidence_type,region,checked,checked_by,checked_on,notes
src-001,plant-01,The unquantified cost of delay in African maize systems: an evidence gap for policy,Frontiers in Agronomy,2026,https://www.frontiersin.org/journals/agronomy/articles/10.3389/fagro.2026.1861579/full,,,,no,,,
src-002,plant-01,Planting date and yield benefits from conservation agriculture practices across Southern Africa,Agricultural Systems,,https://www.sciencedirect.com/science/article/abs/pii/S0308521X16305613,,,,no,,,
src-003,plant-01,"Studies on maize at Bunda, Malawi. I. Yield in relation to rainfall",Experimental Agriculture,,https://resolve.cambridge.org/core/journals/experimental-agriculture/article/studies-on-maize-zea-mays-at-bunda-malawi-i-yield-in-relation-to-rainfall/1CE471FACF040E308942550F72275522,,,,no,,,
src-004,fert-01,Maize Yield Response to Nitrogen in Malawi's Smallholder Production Systems,IFPRI / CGSpace,,https://cgspace.cgiar.org/server/api/core/bitstreams/d32adc22-19f0-4e3a-92ca-61ca0afc67a8/content,,,,no,,,
src-005,fert-01,Optimizing Fertilizer Use within the Context of Integrated Soil Fertility Management in Malawi,"OFRA handbook, Chapter 9",,https://agronomy.unl.edu/sites/unl.edu.ianr.agronomy-horticulture/files/media/file/OFRA%20Chapter%209_Malawi_HR.pdf,,,,no,,,
src-006,fert-01,An in-depth examination of maize yield response to fertilizer in Central Malawi reveals low profits and too many weeds,Research article,,https://www.researchgate.net/publication/344047279_An_in-depth_examination_of_maize_yield_response_to_fertilizer_in_Central_Malawi_reveals_low_profits_and_too_many_weeds,,,,no,,,
src-007,fert-01,National Fertiliser Policy,"Government of Malawi, Ministry of Agriculture",,https://npc.mw/wp-content/uploads/2023/10/2021.03-National-Fertiliser-Policy-signed.pdf,,,,no,,,
src-008,seed-01,Can Adoption of Improved Maize Varieties Help Smallholder Farmers Adapt to Drought? Evidence from Malawi,Research article,,https://www.researchgate.net/publication/272086269_Can_Adoption_of_Improved_Maize_Varieties_Help_Smallholder_Farmers_Adapt_to_Drought_Evidence_from_Malawi,,,,no,,,
src-009,seed-01,Adoption of fertiliser and hybrid seeds by smallholder maize farmers in Southern Malawi,Development Southern Africa,,https://www.tandfonline.com/doi/full/10.1080/03768350500044065,,,,no,,,
src-010,seed-01,Seed sector functioning and the adoption of improved varieties: Malawi study report,KIT Royal Tropical Institute,,https://www.kit.nl/wp-content/uploads/2019/03/Malawi-Study-Report.pdf,,,,no,,,
src-011,soil-01,Soil nutrient status of smallholder farms in Malawi,Communications in Soil Science and Plant Analysis,,https://www.tandfonline.com/doi/abs/10.1080/00103629809370135,,,,no,,,
src-012,soil-01,Potential of reduced agricultural lime application rates to increase yield and profitability of maize through microdosing in central Malawi,African Journal of Agricultural Research,,https://academicjournals.org/journal/AJAR/article-full-text/A317EA763817,,,,no,,,
src-013,soil-02,Book of Abstracts on ISFM Technologies in Malawi,African Plant Nutrition Institute,,https://www.apni.net/wp-content/uploads/2020/04/ISFM-Book-of-Abstracts-Malawi.pdf,,,,no,,,
src-014,mix-01,Biodiversity can support a greener revolution in Africa,PNAS,2010,https://www.pnas.org/doi/10.1073/pnas.1007199107,,,,no,,,
src-015,mix-01,Productivity and profitability of maize-legume cropping systems under conservation agriculture among smallholder farmers in Malawi,Acta Agriculturae Scandinavica,,https://www.tandfonline.com/doi/full/10.1080/09064710.2020.1712470,,,,no,,,
src-016,mix-01,Opportunities and constraints to legume diversification for sustainable maize production on smallholder farms in Malawi,Renewable Agriculture and Food Systems,,https://www.cambridge.org/core/journals/renewable-agriculture-and-food-systems/article/abs/opportunities-and-constraints-to-legume-diversification-for-sustainable-maize-production-on-smallholder-farms-in-malawi/B4B3E45A545A82C7AEA3640584D0E484,,,,no,,,
src-017,water-01,Can smallholder farmers buffer rainfall variability through conservation agriculture? On-farm practices and maize yields in Kenya and Malawi,Environmental Research Letters,,https://iopscience.iop.org/article/10.1088/1748-9326/ab45ad,,,,no,,,
src-018,water-01,Impacts of conservation agriculture on soil structure and hydraulic properties of Malawian agricultural systems,Soil and Tillage Research (open access),,https://pmc.ncbi.nlm.nih.gov/articles/PMC7233133,,,,no,,,
src-019,water-01,"Conservation agriculture systems for Malawian smallholder farmers: long-term effects on crop productivity, profitability and soil quality",Renewable Agriculture and Food Systems,,https://www.cambridge.org/core/journals/renewable-agriculture-and-food-systems/article/conservation-agriculture-systems-for-malawian-smallholder-farmers-longterm-effects-on-crop-productivity-profitability-and-soil-quality/8D96B9B89D8FA0F2F3ADBFDE5F8FE776,,,,no,,,
src-020,store-01,Grain Hermetic Storage and Post-Harvest Loss Reduction in Sub-Saharan Africa,Journal of Biosystems Engineering,,https://link.springer.com/article/10.1007/s42853-022-00130-4,,,,no,,,
src-021,store-01,Impact of storage environment on the efficacy of hermetic storage bags,Journal of Stored Products Research (open access),,https://pmc.ncbi.nlm.nih.gov/articles/PMC5476195/,,,,no,,,
src-022,store-01,Field efficacy of hermetic and other maize grain storage options under smallholder farmer management,Research article,,https://www.researchgate.net/publication/316112963_Field_efficacy_of_hermetic_and_other_maize_grain_storage_options_under_smallholder_farmer_management,,,,no,,,
